step,loss_cls,loss_box,loss_ctr,loss_total
0,0.6986828446388245,2.1326332092285156,0.4313899874687195,3.2627060413360596
1,0.5436943769454956,1.6788297891616821,0.33534130454063416,2.557865470647812
2,0.5985652804374695,1.9584789276123047,0.3684949576854706,2.9255391657352448
3,0.7716324925422668,2.4724979400634766,0.4757065176963806,3.719836950302124
4,0.5645896792411804,1.7014561891555786,0.3484054505825043,2.6144513189792633
5,0.8207093477249146,2.3938729763031006,0.5063268542289734,3.7209091782569885
6,0.8963289260864258,2.741391181945801,0.553032398223877,4.1907525062561035
7,0.883669912815094,2.868544578552246,0.5447942614555359,4.297008752822876
8,0.8389462828636169,2.639268398284912,0.5169138312339783,3.9951285123825073
9,1.0201971530914307,3.226975917816162,0.6292290091514587,4.8764020800590515
10,0.9649608731269836,2.8752553462982178,0.5958132743835449,4.436029493808746
11,0.7367139458656311,2.2141127586364746,0.45458555221557617,3.405412256717682
12,0.7968028783798218,2.52921724319458,0.49023333191871643,3.8162534534931183
13,1.0020407438278198,3.0862114429473877,0.618373453617096,4.7066256403923035
14,0.7205697298049927,2.052717685699463,0.4462096095085144,3.21949702501297
15,1.0268919467926025,2.7791948318481445,0.6349899768829346,4.441076755523682
16,1.100245475769043,3.068535089492798,0.6791659593582153,4.847946524620056
17,1.0642600059509277,3.026968240737915,0.6566653251647949,4.747893571853638
18,0.9944725632667542,2.5569021701812744,0.6117596626281738,4.163134396076202
19,1.1831810474395752,2.6514272689819336,0.7287210822105408,4.56332939863205
20,1.1013695001602173,1.97963285446167,0.6702765226364136,3.751278877258301
21,0.8314273357391357,1.8956464529037476,0.5207262635231018,3.247800052165985
22,0.895698070526123,2.0105435848236084,0.5714437365531921,3.4776853919029236
23,1.1029444932937622,2.103367567062378,0.6802808046340942,3.8865928649902344
24,0.7815351486206055,1.3786919116973877,0.4913124144077301,2.6515394747257233
25,1.109394907951355,2.1056652069091797,0.6954445838928223,3.910504698753357
26,1.1816771030426025,2.459258794784546,0.7331360578536987,4.374071955680847
27,1.1315664052963257,2.4318487644195557,0.6999685764312744,4.263383746147156
28,1.048538327217102,2.027989625930786,0.6442170143127441,3.7207449674606323
29,1.2160236835479736,2.059614896774292,0.7664042115211487,4.042042791843414
30,1.1239330768585205,2.1418004035949707,0.716357409954071,3.9820908904075623
31,0.8446414470672607,1.4797980785369873,0.532977819442749,2.857417345046997
32,0.9163289666175842,1.4769563674926758,0.5726321935653687,2.9659175276756287
33,1.0854220390319824,1.8270447254180908,0.7046682834625244,3.6171350479125977
34,0.7337843775749207,1.339133620262146,0.5052742958068848,2.5781922936439514
35,1.031745433807373,1.9782613515853882,0.7075664401054382,3.7175732254981995
36,1.1032462120056152,2.028850555419922,0.739551842212677,3.871648609638214
37,1.0191094875335693,1.994225025177002,0.710511326789856,3.7238458395004272
38,0.932842493057251,1.821054220199585,0.664137601852417,3.418034315109253
39,0.9280312061309814,1.984628677368164,0.8028913736343384,3.715551257133484
40,1.0993876457214355,1.916040301322937,0.7192816734313965,3.734709620475769
41,0.721335232257843,1.4241191148757935,0.5395641326904297,2.685018479824066
42,0.8455766439437866,1.3381856679916382,0.5805069804191589,2.7642692923545837
43,0.9997926950454712,1.6804689168930054,0.7227283120155334,3.40298992395401
44,0.6526731252670288,1.2231006622314453,0.5150393843650818,2.390813171863556
45,0.9826278686523438,1.880009651184082,0.707075297832489,3.569712817668915
46,1.0574963092803955,1.9918278455734253,0.7460393309593201,3.795363485813141
47,0.9953855276107788,1.9592621326446533,0.7245104908943176,3.6791581511497498
48,0.8973841071128845,1.806569218635559,0.6720218658447266,3.37597519159317
49,0.9287093281745911,1.8507612943649292,0.7841141223907471,3.5635847449302673
50,0.9240185022354126,1.7472721338272095,0.7252455353736877,3.39653617143631
51,0.8783437013626099,1.5023441314697266,0.5477160215377808,2.928403854370117
52,0.7618292570114136,1.2000094652175903,0.57953941822052,2.541378140449524
53,0.9439355134963989,1.5761182308197021,0.7140052914619446,3.2340590357780457
54,0.6650510430335999,1.1141231060028076,0.5096927285194397,2.288866877555847
55,0.9770273566246033,1.7326079607009888,0.7065932154655457,3.4162285327911377
56,0.9471908807754517,1.8764879703521729,0.7440203428268433,3.5676991939544678
57,0.89959716796875,1.8158804178237915,0.7140165567398071,3.4294941425323486
58,0.8657683730125427,1.511615514755249,0.6634164452552795,3.0408003330230713
59,0.866209864616394,1.7676540613174438,0.7858893871307373,3.419753313064575
60,0.7061371207237244,1.6468839645385742,0.7233904004096985,3.076411485671997
61,0.6175004243850708,1.2667059898376465,0.5412884950637817,2.425494909286499
62,0.7491678595542908,1.3186500072479248,0.5989569425582886,2.666774809360504
63,0.7800495028495789,1.7555873394012451,0.7124149203300476,3.2480517625808716
64,0.5552229285240173,1.1385183334350586,0.5234651565551758,2.2172064185142517
65,0.8915584683418274,1.8249826431274414,0.7213491201400757,3.4378902316093445
66,0.9930298328399658,1.8724604845046997,0.7435314655303955,3.609021782875061
67,0.8484746217727661,1.4734255075454712,0.7409936189651489,3.0628937482833862
68,0.8047001957893372,1.6551631689071655,0.6810005903244019,3.1408639550209045
69,0.837539553642273,1.8891324996948242,0.7930914759635925,3.5197635293006897
70,0.8134174346923828,1.7096936702728271,0.7395662665367126,3.2626773715019226
71,0.53225177526474,1.5185049772262573,0.5418407917022705,2.592597544193268
72,0.6317070126533508,1.6474404335021973,0.5825269818305969,2.861674427986145
73,0.680655837059021,1.5550060272216797,0.7285831570625305,2.964245021343231
74,0.44598153233528137,1.3095827102661133,0.5096805691719055,2.2652448117733
75,0.6758613586425781,1.76125168800354,0.716799259185791,3.153912305831909
76,0.9215363264083862,1.763093113899231,0.7545902729034424,3.4392197132110596
77,0.7951990365982056,1.8534307479858398,0.7131462693214417,3.361776053905487
78,0.7771803140640259,1.6460334062576294,0.657984733581543,3.0811984539031982
79,0.8061967492103577,1.776458978652954,0.7866026759147644,3.369258403778076
80,0.7881315350532532,1.939701795578003,0.7170977592468262,3.4449310898780823
81,0.4172848165035248,1.2110493183135986,0.5380356907844543,2.1663698256015778
82,0.509925901889801,1.3767377138137817,0.5720847249031067,2.4587483406066895
83,0.6094019412994385,1.5693503618240356,0.7119417190551758,2.89069402217865
84,0.4306611716747284,1.0263044834136963,0.5057315826416016,1.9626972377300262
85,0.5636218786239624,1.7325043678283691,0.7020920515060425,2.998218297958374
86,0.7243559956550598,1.7220991849899292,0.7376710176467896,3.1841261982917786
87,0.6525659561157227,1.5229382514953613,0.7151682376861572,2.890672445297241
88,0.6806038022041321,1.5539555549621582,0.661100447177887,2.8956598043441772
89,0.6252080798149109,1.6531522274017334,0.7752846479415894,3.0536449551582336
90,0.6111614108085632,1.609397053718567,0.7141050100326538,2.934663474559784
91,0.5813750624656677,1.3283032178878784,0.5381978154182434,2.4478760957717896
92,0.5385424494743347,1.1083749532699585,0.5668287873268127,2.213746190071106
93,0.7665812969207764,1.4656622409820557,0.7020175457000732,2.9342610836029053
94,0.5781777501106262,1.038996934890747,0.5006656050682068,2.11784029006958
95,0.8476735949516296,1.613612413406372,0.6958362460136414,3.157122254371643
96,0.8483508229255676,1.6000791788101196,0.732313871383667,3.1807438731193542
97,0.6696324944496155,1.505380392074585,0.7040544152259827,2.879067301750183
98,0.6050140261650085,1.404493808746338,0.6474927067756653,2.6570005416870117
99,0.6999086737632751,1.797228217124939,0.766040563583374,3.263177454471588
100,0.5666422843933105,1.5588505268096924,0.713787853717804,2.839280664920807
101,0.43315577507019043,1.198878288269043,0.5335614681243896,2.165595531463623
102,0.5752354860305786,1.4902360439300537,0.5582135915756226,2.623685121536255
103,0.6646654009819031,1.4014662504196167,0.6898408532142639,2.7559725046157837
104,0.5446532964706421,1.159053087234497,0.49318504333496094,2.1968914270401
105,0.8670229315757751,2.0884969234466553,0.6899950504302979,3.6455149054527283
106,0.9661715626716614,2.251095771789551,0.7262552380561829,3.943522572517395
107,0.8221929669380188,1.673514485359192,0.6913296580314636,3.1870371103286743
108,0.6971619129180908,1.5405621528625488,0.6349273324012756,2.8726513981819153
109,0.6966816782951355,1.961908221244812,0.7488811016082764,3.407471001148224
110,0.6416535973548889,1.3560758829116821,0.70030677318573,2.698036253452301
111,0.45846661925315857,1.2700093984603882,0.5270776748657227,2.2555536925792694
112,1.0420194864273071,1.4029663801193237,0.55350661277771,2.998492479324341
113,0.6803432106971741,1.3796453475952148,0.6857494711875916,2.7457380294799805
114,0.6417075991630554,0.983496367931366,0.48558199405670166,2.110785961151123
115,1.0312625169754028,1.522950291633606,0.6793326735496521,3.233545482158661
116,1.1524170637130737,1.4263194799423218,0.7146542072296143,3.2933907508850098
117,1.1142702102661133,1.3290140628814697,0.687403678894043,3.130687952041626
118,1.0551600456237793,1.3412624597549438,0.6298142671585083,3.0262367725372314
119,1.2567839622497559,1.7548425197601318,0.7486222386360168,3.7602487206459045
120,1.1639320850372314,1.386435866355896,0.6937695145606995,3.244137465953827
121,0.8742720484733582,1.1348066329956055,0.5225107073783875,2.531589388847351
122,0.931792140007019,1.0740605592727661,0.5475932359695435,2.5534459352493286
123,1.1517747640609741,1.8774293661117554,0.6788086295127869,3.7080127596855164
124,0.8244096040725708,0.9073591828346252,0.48340463638305664,2.2151734232902527
125,1.1563225984573364,1.8739930391311646,0.679990291595459,3.71030592918396
126,1.2155590057373047,2.128253221511841,0.7127646803855896,4.056576907634735
127,1.1568924188613892,1.9520446062088013,0.6814369559288025,3.790373980998993
128,1.0737742185592651,1.2976467609405518,0.6288093328475952,3.000230312347412
129,1.2677022218704224,1.571130394935608,0.7556121945381165,3.5944448113441467
130,1.1705329418182373,1.7187793254852295,0.6852903962135315,3.5746026635169983
131,0.8765472173690796,1.0646562576293945,0.5183374881744385,2.4595409631729126
132,0.9340621829032898,1.21996009349823,0.5408616662025452,2.694883942604065
133,1.1535788774490356,1.7861931324005127,0.6745831370353699,3.614355146884918
134,0.8211665153503418,1.0532562732696533,0.49946558475494385,2.373888373374939
135,1.1507822275161743,1.4711840152740479,0.6751234531402588,3.297089695930481
136,1.2089567184448242,1.4514234066009521,0.7001104354858398,3.360490560531616
137,1.1512737274169922,1.2145417928695679,0.6915083527565002,3.0573238730430603
138,1.0682244300842285,1.1073204278945923,0.6429434418678284,2.818488299846649
139,1.2599709033966064,1.415215015411377,0.742856502532959,3.4180424213409424
140,1.1636080741882324,1.4367440938949585,0.6818336248397827,3.2821857929229736
141,0.868385374546051,1.409117579460144,0.5516313910484314,2.8291343450546265
142,0.9266785383224487,0.8780320286750793,0.5401788353919983,2.3448894023895264
143,1.1422663927078247,1.281282663345337,0.6633781790733337,3.0869272351264954
144,0.8130820989608765,0.8110890984535217,0.47255995869636536,2.0967311561107635
145,1.1355903148651123,1.3045767545700073,0.661059558391571,3.1012266278266907
146,1.1894546747207642,1.2706661224365234,0.6944676041603088,3.1545884013175964
147,1.1334236860275269,1.1484028100967407,0.67975252866745,2.9615790247917175
148,1.0518758296966553,1.0257842540740967,0.6279842257499695,2.7056443095207214
149,1.2430639266967773,1.2881499528884888,0.7269459962844849,3.258159875869751
150,1.1448390483856201,1.2230192422866821,0.6746164560317993,3.0424747467041016
151,0.8542165756225586,0.9346426129341125,0.502845287322998,2.291704475879669
152,0.910029947757721,0.8282331228256226,0.5229398608207703,2.2612029314041138
153,1.1250165700912476,1.2511084079742432,0.6535723209381104,3.029697299003601
154,0.8046623468399048,1.0695888996124268,0.47392767667770386,2.3481789231300354
155,1.1205358505249023,1.7237114906311035,0.6785481572151184,3.5227954983711243
156,1.1646276712417603,1.6904468536376953,0.7268437743186951,3.5819182991981506
157,1.116668939590454,1.2277368307113647,0.6715574264526367,3.0159631967544556
158,1.042960524559021,1.0226225852966309,0.6031095385551453,2.668692648410797
159,1.2379908561706543,1.749670386314392,0.7166848182678223,3.7043460607528687
160,1.143825650215149,1.9455177783966064,0.6757081151008606,3.765051543712616
161,0.8532542586326599,1.511309027671814,0.5074266195297241,2.871989905834198
162,0.9100313186645508,1.5967507362365723,0.5328428745269775,3.0396249294281006
163,1.1230701208114624,1.88660728931427,0.6657021045684814,3.675379514694214
164,0.8016180992126465,1.0469250679016113,0.4725484549999237,2.3210916221141815
165,1.1180179119110107,1.4272652864456177,0.6599059700965881,3.2051891684532166
166,1.1619975566864014,1.230878472328186,0.6889270544052124,3.0818030834198
167,1.111250877380371,1.095476746559143,0.662545382976532,2.869273006916046
168,1.0383718013763428,1.0026601552963257,0.6124919652938843,2.6535239219665527
169,1.2334610223770142,1.2966227531433105,0.7371813654899597,3.2672651410102844
170,1.1382956504821777,1.3050402402877808,0.6858498454093933,3.129185736179352
171,0.8482386469841003,0.902087390422821,0.5172700881958008,2.267596125602722
172,0.9019904136657715,0.810772716999054,0.5458104014396667,2.258573532104492
173,1.1155720949172974,1.244180679321289,0.6757544875144958,3.0355072617530823
174,0.7985438108444214,1.3012162446975708,0.4737257659435272,2.5734858214855194
175,1.1100263595581055,2.072904586791992,0.6584854125976562,3.841416358947754
176,1.146007776260376,2.162870168685913,0.697658896446228,4.006536841392517
177,1.0976858139038086,1.678450345993042,0.6633528470993042,3.439489006996155
178,1.030476450920105,0.9847539067268372,0.6068679690361023,2.6220983266830444
179,1.228009581565857,1.47107994556427,0.7169091701507568,3.415998697280884
180,1.1334460973739624,1.7504199743270874,0.6759566068649292,3.559822678565979
181,0.8445320725440979,1.4271140098571777,0.505432665348053,2.7770787477493286
182,0.8988430500030518,1.5543673038482666,0.5272201895713806,2.980430543422699
183,1.1113067865371704,1.9068876504898071,0.6565436124801636,3.674738049507141
184,0.7936724424362183,1.1268609762191772,0.47063589096069336,2.391169309616089
185,1.1060645580291748,1.57050621509552,0.6630724668502808,3.3396432399749756
186,1.1415250301361084,1.445686936378479,0.7042739987373352,3.2914859652519226
187,1.0884990692138672,1.28443443775177,0.6635668873786926,3.03650039434433
188,1.023211121559143,1.1698997020721436,0.6043177843093872,2.797428607940674
189,1.2205651998519897,1.4702529907226562,0.713485598564148,3.404303789138794
190,1.1248364448547363,1.3864306211471558,0.6721242070198059,3.183391273021698
191,0.836040735244751,0.939507782459259,0.5023722648620605,2.2779207825660706
192,0.88577800989151,0.7984119653701782,0.525132417678833,2.2093223929405212
193,1.0987086296081543,1.2122365236282349,0.6605527997016907,2.97149795293808
194,0.787344753742218,1.2485699653625488,0.4694956839084625,2.5054104030132294
195,1.0919286012649536,2.054873466491699,0.658311665058136,3.805113732814789
196,1.1147089004516602,2.2867090702056885,0.68791264295578,4.089330613613129
197,1.0650745630264282,2.0112199783325195,0.6508629322052002,3.727157473564148
198,1.0085712671279907,1.1848078966140747,0.5981849431991577,2.791564106941223
199,1.2104132175445557,1.2491647005081177,0.7129860520362854,3.1725639700889587
200,1.1162954568862915,1.496046781539917,0.6725793480873108,3.2849215865135193
201,0.8298205137252808,1.2617697715759277,0.504230797290802,2.5958210825920105
202,0.8805572390556335,1.394025206565857,0.5275404453277588,2.8021228909492493
203,1.092577576637268,1.7383400201797485,0.6595132350921631,3.4904308319091797
204,0.7812423706054688,1.0457669496536255,0.46952250599861145,2.2965318262577057
205,1.0862364768981934,1.4998557567596436,0.6572500467300415,3.2433422803878784
206,1.1087876558303833,1.3868834972381592,0.6904764771461487,3.186147630214691
207,1.0540337562561035,1.2357949018478394,0.6538013815879822,2.943630039691925
208,0.9974969625473022,1.1413238048553467,0.6005245447158813,2.7393453121185303
209,1.1979364156723022,1.433971643447876,0.7131386995315552,3.3450467586517334
210,1.1021701097488403,1.3245420455932617,0.6714020371437073,3.0981141924858093
211,0.8152531385421753,0.9232428669929504,0.5025140047073364,2.241010010242462
212,0.8587121367454529,0.7919490337371826,0.5241439938545227,2.174805164337158
213,1.0711314678192139,1.1166012287139893,0.6587972640991211,2.846529960632324
214,0.7694727778434753,1.0574945211410522,0.4681624472141266,2.295129746198654
215,1.0605868101119995,1.8094587326049805,0.6572530269622803,3.5272985696792603
216,1.0618062019348145,2.0268607139587402,0.689141035079956,3.7778079509735107
217,1.011069893836975,1.9049150943756104,0.651841938495636,3.5678269267082214
218,0.968243420124054,1.2189513444900513,0.5983176231384277,2.785512387752533
219,1.176918387413025,1.196407675743103,0.7120075821876526,3.0853336453437805
220,1.0829925537109375,1.298011064529419,0.6708453893661499,3.0518490076065063
221,0.8005061149597168,1.1160590648651123,0.5030212998390198,2.419586479663849
222,0.8433822989463806,1.2251710891723633,0.5260173082351685,2.5945706963539124
223,1.0564090013504028,1.54346764087677,0.6590589880943298,3.2589356303215027
224,0.7585065960884094,0.9363946318626404,0.46933671832084656,2.1642379462718964
225,1.0459851026535034,1.390101671218872,0.6567583084106445,3.09284508228302
226,1.0453534126281738,1.2736010551452637,0.6883493065834045,3.007303774356842
227,0.9935033321380615,1.1658223867416382,0.6522595882415771,2.811585307121277
228,0.9543679356575012,1.146996021270752,0.6001406311988831,2.7015045881271362
229,1.1636862754821777,1.5443322658538818,0.7134999632835388,3.4215185046195984
230,1.0714755058288574,1.4859238862991333,0.6713159084320068,3.2287153005599976
231,0.7904974222183228,1.1565053462982178,0.5030709505081177,2.450073719024658
232,0.8321800827980042,1.177191972732544,0.5254309773445129,2.534803032875061
233,1.0476995706558228,1.4189438819885254,0.6584088206291199,3.125052273273468
234,0.754725456237793,0.8495473265647888,0.4687892496585846,2.0730620324611664
235,1.0412214994430542,1.3113698959350586,0.6564321517944336,3.0090235471725464
236,1.0367103815078735,1.1565912961959839,0.6877492070198059,2.8810508847236633
237,0.9848870635032654,1.0465803146362305,0.6514890789985657,2.6829564571380615
238,0.9478070735931396,0.9954466819763184,0.5991443395614624,2.5423980951309204
239,1.158581256866455,1.3421142101287842,0.7126283049583435,3.2133237719535828
240,1.065447211265564,1.2931091785430908,0.6703658699989319,3.0289222598075867
241,0.7852572798728943,1.0057467222213745,0.5022974014282227,2.2933014035224915
242,0.8252184391021729,0.9769284725189209,0.5242190361022949,2.3263659477233887
243,1.041948914527893,1.206282377243042,0.6577191948890686,2.9059504866600037
244,0.7518171668052673,0.7460004091262817,0.46817532181739807,1.9659928977489471
245,1.0349187850952148,1.2498359680175781,0.6561838388442993,2.9409385919570923
246,1.0255557298660278,1.1126738786697388,0.6871697306632996,2.825399339199066
247,0.9744278192520142,1.0699708461761475,0.6507710218429565,2.695169687271118
248,0.9400920867919922,0.9574902057647705,0.5982613563537598,2.4958436489105225
249,1.1528400182724,1.2020118236541748,0.7121383547782898,3.0669901967048645
